"","Public_id","Number_of_followers"
"1",12382740,7987852
"2",22798006,6936775
"3",10639516,6849602
"4",31836774,6509992
"5",27895931,6406609
"6",43215063,6228340
"7",29246653,5978797
"8",28477986,5819628
"9",22822305,5608667
"10",40567146,5541800
"11",56106344,5528721
"12",26750264,5508747
"13",30179569,5477921
"14",23064236,4841839
"15",43879004,4832775
"16",26419239,4728791
"17",30277672,4531936
"18",55156099,4400312
"19",45064245,4346982
"20",29559271,4325484
"21",40498005,4324123
"22",39728801,4318371
"23",26669118,4201269
"24",460389,4182300
"25",39410028,4140000
"26",48319873,4139842
"27",36164349,4129658
"28",23433159,4125655
"29",32194285,4098549
"30",34384434,4093682
"31",30602036,4050963
"32",28627911,4033781
"33",33159467,4031612
"34",22741624,4017226
"35",33769500,3891006
"36",32477579,3890039
"37",39009769,3865596
"38",23830580,3842766
"39",34491673,3762608
"40",35061290,3755236
"41",65662695,3626421
"42",34757875,3589433
"43",45608667,3558359
"44",24299135,3554166
"45",28261265,3476249
"46",30318830,3475687
"47",28761941,3440794
"48",44781847,3437485
"49",25554967,3407945
"50",2158488,3403787
"51",36008740,3401431
"52",45441631,3388523
"53",31976785,3382915
"54",48946342,3376435
"55",48868052,3314363
"56",25346844,3282830
"57",43688579,3264818
"58",23390361,3198217
"59",36085261,3197880
"60",25397178,3167008
"61",28293246,3117120
"62",41807730,3103527
"63",62122883,3096097
"64",32194500,3070796
"65",30532220,3062763
"66",58306490,3053423
"67",25189523,3041984
"68",58170807,3029167
"69",78388911,3020802
"70",23537466,3020673
"71",38683579,3020482
"72",32922940,3003418
"73",55662720,2995459
"74",24713873,2981289
"75",23243883,2924412
"76",29435908,2924157
"77",36166073,2911621
"78",57876954,2897532
"79",76314525,2894637
"80",47679753,2867698
"81",34215577,2861784
"82",45739071,2828239
"83",22866546,2825797
"84",28878216,2823444
"85",56048543,2792469
"86",26030283,2762773
"87",39153701,2741352
"88",43772432,2740815
"89",32015300,2736840
"90",23337480,2699817
"91",23170931,2682033
"92",26776509,2638004
"93",23758942,2597195
"94",34981365,2582328
"95",346191,2569111
"96",23378353,2568080
"97",23245066,2549799
"98",32432151,2541084
"99",30022666,2536533
"100",40800148,2524919
"101",32651025,2512807
"102",27237360,2499087
"103",27470044,2485418
"104",26307864,2481674
"105",31805219,2473978
"106",47118092,2473045
"107",34308709,2453474
"108",29302425,2441566
"109",23180464,2439378
"110",45588871,2430143
"111",23164653,2426544
"112",25421850,2417165
"113",33339790,2399097
"114",49591829,2396845
"115",27901440,2360963
"116",44236056,2359896
"117",35364891,2347520
"118",45595714,2339772
"119",24098496,2309722
"120",71239327,2306989
"121",26970810,2303520
"122",26858816,2295333
"123",27725748,2270922
"124",31478728,2267161
"125",40020627,2255132
"126",48940689,2250315
"127",33080201,2225092
"128",32509740,2219868
"129",48618580,2202273
"130",30490486,2183456
"131",35486195,2155367
"132",31746,2149862
"133",40835481,2145358
"134",36326284,2139009
"135",31752409,2135342
"136",28950133,2125824
"137",31713884,2121822
"138",68895020,2120791
"139",32535747,2119626
"140",36318299,2098492
"141",46117626,2086550
"142",58534882,2081118
"143",40529013,2070900
"144",36959676,2068250
"145",32228890,2062530
"146",42574198,2052602
"147",18464856,2033397
"148",23308460,2031070
"149",68114884,2025563
"150",32231484,2013390
"151",22222333,1988951
"152",34451036,1983088
"153",44786979,1952904
"154",75338985,1950127
"155",42092461,1943403
"156",27121021,1923325
"157",35555977,1905451
"158",34137285,1899286
"159",25117353,1880894
"160",30559917,1868072
"161",35059398,1865836
"162",24036559,1845736
"163",34483558,1832429
"164",24722253,1818086
"165",62827422,1801573
"166",35114569,1801287
"167",48911100,1799718
"168",44554509,1790157
"169",22741084,1779327
"170",30360552,1778894
"171",51696572,1750373
"172",49592543,1747379
"173",31057217,1739372
"174",42826669,1729599
"175",35113021,1726559
"176",27794994,1724435
"177",29843454,1714555
"178",44759043,1711695
"179",35850939,1709516
"180",31189947,1691997
"181",20469811,1691777
"182",29690457,1689768
"183",36736385,1665961
"184",29518065,1647016
"185",45938293,1637228
"186",26519873,1627937
"187",21515884,1627392
"188",25817269,1623876
"189",27770786,1621615
"190",49266632,1593823
"191",36147615,1590620
"192",65653033,1585344
"193",30712025,1577068
"194",44218927,1564625
"195",38379853,1560629
"196",29229694,1559995
"197",35979047,1555444
"198",31051063,1554765
"199",46603834,1553884
"200",35143550,1531674
"201",51080434,1514280
"202",41041067,1510954
"203",26581353,1507901
"204",34454611,1497385
"205",35145657,1491943
"206",28556858,1486995
"207",34161144,1485311
"208",33842750,1477111
"209",46619709,1467196
"210",28468381,1461960
"211",50059483,1457144
"212",32426058,1445455
"213",48210134,1427766
"214",28546855,1426603
"215",15755094,1424744
"216",23471538,1413661
"217",26090596,1404480
"218",40020304,1404123
"219",442,1385810
"220",44232142,1385720
"221",37867179,1369268
"222",34448489,1366160
"223",40378285,1365941
"224",23475118,1358961
"225",27637181,1358120
"226",34481474,1348746
"227",41053835,1338593
"228",40167434,1334979
"229",29905631,1334619
"230",35623118,1330386
"231",42025607,1303026
"232",48231044,1290203
"233",55363991,1278774
"234",29963483,1266910
"235",33477779,1265326
"236",26515827,1264690
"237",32004973,1263540
"238",29846359,1263214
"239",25161110,1257473
"240",20249656,1255822
"241",28846625,1247458
"242",28981879,1240937
"243",26127512,1240851
"244",28565318,1239957
"245",29773986,1237656
"246",23639186,1219468
"247",33382046,1211452
"248",71534162,1208685
"249",41525215,1205964
"250",33006648,1198750
"251",47472023,1191138
"252",32615394,1190591
"253",33898099,1179035
"254",41522980,1172747
"255",41594691,1171450
"256",49609643,1148400
"257",54896871,1136410
"258",42763042,1126309
"259",63012307,1125272
"260",51068271,1122489
"261",68519692,1116159
"262",25171514,1112053
"263",42879402,1109771
"264",29219144,1092869
"265",37911280,1090780
"266",31513532,1077853
"267",35232329,1076434
"268",17655824,1070082
"269",74595166,1063899
"270",49290489,1029538
"271",37631861,1017122
"272",25201845,1004854
"273",12637219,994799
"274",37862023,961977
"275",37190761,954572
"276",45770903,949424
"277",27060808,941108
"278",33118494,938225
"279",22991532,936888
"280",38000455,936673
"281",32708863,918373
"282",30179770,904377
"283",36692222,893611
"284",46509740,892632
"285",42811897,877270
"286",26170853,813572
"287",36586077,810972
"288",14087493,805514
"289",68518743,782277
"290",59227775,779238
"291",38220878,726345
"292",35806378,717711
"293",59901975,704103
"294",50215320,686036
"295",31041444,628756
"296",63863029,627071
"297",53641393,511726
"298",47,395804
"299",31494747,384308
"300",53806764,350600
