"","id","count_of_followers"
"1",1,6192543
"2",53083705,2058871
"3",5592362,1397818
"4",53636214,1308458
"5",39377403,916338
"6",45269508,908909
"7",169902419,837179
"8",87896266,736109
"9",2677959,734602
"10",1034437,733385
"11",16971887,607419
"12",5401645,598583
"13",20020126,541142
"14",79201190,538611
"15",2183659,530157
"16",49794138,518934
"17",44625516,515012
"18",100897602,508894
"19",2128351,445594
"20",38940203,442578
"21",192035364,440583
"22",27599714,435472
"23",115534183,429670
"24",135336811,419713
"25",55325758,417371
"26",4926666,415613
"27",1784000,414008
"28",51663629,412013
"29",69994512,403294
"30",11481439,402800
"31",19902804,401452
"32",9239849,393596
"33",176778820,384336
"34",80491907,382991
"35",17300535,367174
"36",19439900,340287
"37",322022,324193
"38",81133993,322799
"39",163359662,321504
"40",171559538,321108
"41",20929814,320575
"42",209991765,318899
"43",36944385,310301
"44",32707600,306957
"45",13082236,306402
"46",164542053,293720
"47",66077817,291962
"48",94349837,289752
"49",87800684,289547
"50",43787823,288161
"51",45882735,286416
"52",97578516,282413
"53",109630621,277997
"54",26955780,277198
"55",1734481,277130
"56",16947781,275076
"57",7460231,274158
"58",176250659,272016
"59",24380955,269766
"60",2645193,268977
"61",297428682,267581
"62",16583872,263003
"63",10559979,258126
"64",123770463,252472
"65",28138864,246583
"66",6492,245838
"67",1718916,245746
"68",20782714,245052
"69",35024504,242991
"70",5857176,242978
"71",16569242,242675
"72",45376,239879
"73",8676677,236648
"74",41110630,235771
"75",176354406,230206
"76",109507300,226064
"77",89941395,224825
"78",93808169,222753
"79",34106403,222454
"80",13555100,220496
"81",32088518,220004
"82",279938622,219517
"83",3327485,215257
"84",15394583,214842
"85",60731512,209994
"86",84874362,209156
"87",205387401,208898
"88",666140,207472
"89",47463722,206556
"90",2850237,205076
"91",11889577,204417
"92",45728492,201743
"93",10374507,199878
"94",40297585,198181
"95",10653558,197830
"96",74849047,191469
"97",11547416,188413
"98",55126687,188144
"99",8006,187934
"100",96545624,187773
"101",8945993,187281
"102",11760214,184530
"103",5365218,184179
"104",49286014,181414
"105",2963876,179609
"106",135,179042
"107",210841413,178715
"108",2022,178309
"109",23379958,177514
"110",770759,176088
"111",20484180,171452
"112",118862470,170386
"113",56414432,169244
"114",102436396,168828
"115",9063356,166684
"116",173725684,165904
"117",301419447,164404
"118",41949090,163906
"119",190868,160542
"120",20018766,159436
"121",49481539,153447
"122",49386112,152328
"123",220692,149156
"124",30277471,149074
"125",40136768,147336
"126",12376595,146417
"127",2615791,146001
"128",26919767,144259
"129",11512197,144190
"130",1770436,144079
"131",3420,142711
"132",8852,142260
"133",3842784,140859
"134",6814093,139634
"135",88072802,139399
"136",210700286,138875
"137",13232402,138704
"138",94871197,137498
"139",225693587,135464
"140",29803103,134496
"141",5276960,133700
"142",103405812,133617
"143",4256,133279
"144",90385738,132556
"145",6686484,132530
"146",74415000,132328
"147",238615607,129621
"148",168885749,128724
"149",2159579,128521
"150",6627223,124639
"151",14818477,123871
"152",38023362,123731
"153",16456855,122395
"154",93388,121648
"155",14404543,120963
"156",6858371,118250
"157",1369650,115617
"158",13387882,115443
"159",209326050,115383
"160",8560057,114527
"161",214689936,114058
"162",4007880,112806
"163",21305140,112464
"164",31557668,112331
"165",10361573,110581
"166",95948329,109514
"167",124234522,109374
"168",16652350,108522
"169",8005365,107640
"170",26327371,106926
"171",81297005,106435
"172",336715,106073
"173",11011769,105839
"174",7148238,104227
"175",30406653,104144
"176",43077685,103746
"177",10620493,102532
"178",5074235,101962
"179",9447,101441
"180",1756972,100822
"181",110321459,100502
"182",9767678,100350
"183",17815452,100346
"184",720434,99418
"185",6239180,98976
"186",10802756,98395
"187",5769815,98105
"188",61211254,96933
"189",54853476,96371
"190",4204239,96194
"191",1343527,95550
"192",131842489,95474
"193",3513794,94477
"194",153649032,93457
"195",10637874,92009
"196",11158447,91798
"197",4322049,91700
"198",7229407,91084
"199",547260,89372
"200",405949,88815
"201",61443510,84886
"202",24243860,84466
"203",10963895,84216
"204",4753765,83401
"205",94479216,83122
"206",22668856,82155
"207",7112684,81350
"208",20720185,80236
"209",160489574,80054
"210",20636748,79643
"211",5623571,78675
"212",96715638,78651
"213",166709225,77776
"214",872907,77761
"215",6960490,76851
"216",7309220,76313
"217",25888794,75704
"218",9765647,75207
"219",16720758,74593
"220",37563616,74033
"221",166687861,74028
"222",26560356,73669
"223",52119178,73332
"224",5081554,73254
"225",123456,72916
"226",13563299,72413
"227",4448800,71285
"228",3684242,71238
"229",51627212,71061
"230",38903,69184
"231",13730491,68614
"232",1647573,67657
"233",9182296,67428
"234",2881826,66722
"235",1493537,65942
"236",40134299,65870
"237",105023379,65618
"238",22843448,65608
"239",132146739,65302
"240",12086666,63936
"241",1598237,63918
"242",1858632,60113
"243",211603306,59444
"244",18042998,59360
"245",85007410,59296
"246",185246850,59251
"247",5903900,58317
"248",9623642,58040
"249",14799319,57208
"250",2636188,56939
"251",336388,56876
"252",226641,56250
"253",9808702,56230
"254",27047298,56051
"255",3922507,55925
"256",17474311,55253
"257",26677596,54698
"258",11792890,53767
"259",631602,52941
"260",205704235,51455
"261",2708113,50800
"262",12312695,49447
"263",146303427,48220
"264",23706556,47714
"265",213532652,46389
"266",14277664,45995
"267",19560555,45275
"268",10575203,44887
"269",8056701,43744
"270",111711621,42607
"271",74021988,42316
"272",7539968,42156
"273",703022,41092
"274",33839847,39414
"275",2948977,39399
"276",2158726,37161
"277",2183945,36643
"278",11921944,36325
"279",6331712,35986
"280",38068582,35357
"281",30552256,34425
"282",12091455,33706
"283",7246677,32691
"284",197045287,30665
"285",145864825,30379
"286",2080539,29784
"287",4046880,27721
"288",470483,27133
"289",78312516,26668
"290",41641947,26159
"291",16447259,25627
"292",2893971,23643
"293",37762454,23081
"294",24059443,23071
"295",5204205,20776
"296",44478491,19764
"297",33489623,18592
"298",237485773,16964
"299",2072979,10244
"300",56195424,8549
